FirstName,LastName,Age,Email,City
John,Doe,34,john.doe@example.com,New York
Jane,Smith,28,jane.smith@example.com,Los Angeles
Alice,Johnson,45,alice.johnson@example.com,Chicago
Bob,Brown,23,bob.brown@example.com,San Francisco
Carol,White,50,carol.white@example.com,Miami
David,Miller,40,david.miller@example.com,Seattle
Eve,Adams,32,eve.adams@example.com,Austin
Frank,Wilson,55,frank.wilson@example.com,Denver
Grace,Moore,29,grace.moore@example.com,Boston
Hannah,Clark,22,hannah.clark@example.com,Washington
Isaac,Lopez,60,isaac.lopez@example.com,Las Vegas
Jack,Martinez,33,jack.martinez@example.com,San Diego
Karen,Gonzalez,26,karen.gonzalez@example.com,Portland
Liam,Young,48,liam.young@example.com,Chicago
Mia,King,38,mia.king@example.com,Miami
Noah,Scott,25,noah.scott@example.com,New York
Olivia,Lee,39,olivia.lee@example.com,Boston
Peter,Hall,31,peter.hall@example.com,Dallas
Quinn,Allen,46,quinn.allen@example.com,Seattle
Rachel,King,53,rachel.king@example.com,Los Angeles
Sam,Green,27,sam.green@example.com,Portland
Tina,Adams,41,tina.adams@example.com,Denver
Ursula,Baker,44,ursula.baker@example.com,San Francisco
Victor,Lopez,35,victor.lopez@example.com,Miami
Wendy,White,31,wendy.white@example.com,Chicago
Xander,Clark,28,xander.clark@example.com,Washington
Yvonne,Lopez,49,yvonne.lopez@example.com,Los Angeles
Zach,Allen,24,zach.allen@example.com,New York
